{"cameraMode":{"drawMode":0,"name":"Shaded","section":"Shading Mode"},"sceneLighting":false,"audioPlay":false,"sceneViewState":{"showFog":true,"showMaterialUpdate":false,"showSkybox":false,"showFlares":true,"showImageEffects":true,"showParticleSystems":true},"in2DMode":false,"pivot":{"x":-0.04009389877319336,"y":3.9409995079040529,"z":0.0},"rotation":{"x":-0.23606683313846589,"y":0.2198551893234253,"z":-0.05492427200078964,"w":-0.944945752620697},"size":18.35996437072754,"orthographic":false}